item,qty,spec,supplier,unit_cost_usd,make_buy,notes
1 Sensor puck body,1,"Aluminium 6061, 40 mm diameter x 42 mm, turned cup with 3 mm base and potted lid, cable gland",Local machinist or online CNC turning service,8.00,make,Indicative price for one-off turning; height raised from 34 mm for the larger seismic mass (LKL-CAL-001 section F)
2 Pot magnet,1,"32 mm neodymium pot magnet, about 290 N rated pull on thick flat steel, M6 stud, with keeper plate",Magnet supplier (industrial pot magnet catalog),5.00,buy,Indicative price; about 90 N on iron with a 0.3 mm coating gap (LKL-CAL-001 [I1]); 42 mm option about $9 proposed
3 Piezo disc and seismic mass,1,"27 mm brass-backed piezo disc (20 mm ceramic) in compression, with a 20 mm x 20 mm brass mass, about 53 g, epoxy bonded",Electronics distributor plus local machinist,3.00,buy,Indicative price; mass raised from about 11 g to meet R4 (157 pC/g)
4 Charge preamplifier,1,"Low-noise JFET-input op-amp (about 5 nV/rtHz), 1 nF and 53 MOhm feedback (3 Hz high-pass), second stage 40 dB, 22 x 22 mm potted board",Electronics distributor,6.00,buy,Indicative price; self-noise about 1.0 ug/rtHz (LKL-CAL-001 [F3])
5 Sensor cable,1,"2 m shielded PUR cable, 4-core, 6 mm, M12 A-coded IP68 plug at the logger end",Industrial connector supplier,12.00,buy,Indicative price for a molded M12 cordset
6 Logger housing,1,"63 mm PVC pressure pipe, 3 mm wall, 240 mm long, two O-ring plugs, M12 IP68 panel socket, antenna gland",Plumbing supplier plus industrial connector supplier,12.00,make,Indicative price; IP68 target (R11)
7 Main board,1,"STM32WL LoRaWAN module (FieldNode core), 24-bit audio ADC, RTC crystal, hybrid layer capacitor about 0.1 F or more, fuse and reverse protection, two-layer board",Electronics distributor plus board house,30.00,buy,Indicative price; capacitor sized in LKL-CAL-001 [C3]
8 Primary cell,1,"Lithium thionyl chloride C size, 3.6 V, about 7.7 Ah, with solder tabs",Battery distributor (industrial primary cells),12.00,buy,Indicative price; primary only; never charge; ships as lithium metal dangerous goods
9 Hanger strap and hook,1,"1.5 mm x 30 mm stainless strap bent to hook over the cover frame, 3 mm stainless lanyard",Local fabricator,6.00,make,Indicative price; frame shapes vary by utility
10 Flat LoRa antenna,1,"About 70 mm flat disc antenna for the regional LoRaWAN band, 1 m low-loss lead",Electronics distributor,10.00,buy,Indicative price; link from under an iron cover not met at 1 km (LKL-CAL-001 section D)
11 Desiccant and consumables,1,"10 g silica gel pack, spare O-rings, fasteners, potting compound, owner and lithium warning label",Local hardware and electronics shops,5.00,buy,Indicative price; no exploded-view callout
